id,nome,cidade,estado,telefone
1,Kenneth Richardson,Fort Worth,Texas,1-(817)225-2588
2,Paula Rogers,Birmingham,Alabama,1-(334)147-8316
3,Anthony Hicks,Houston,Texas,1-(713)187-7559
4,Justin Gordon,Tucson,Arizona,1-(520)127-1147
5,Phillip Myers,Macon,Georgia,1-(478)850-0072
6,Betty Flores,Saint Paul,Minnesota,1-(651)187-9915
7,Marie Fuller,Saint Augustine,Florida,1-(904)479-6876
8,Patricia Lee,Henderson,Nevada,1-(702)251-2330
9,Kathleen Medina,Kansas City,Kansas,1-(913)334-4855
10,Elizabeth Lynch,Boulder,Colorado,1-(303)474-4616
11,Jesse Gomez,Lincoln,Nebraska,1-(402)811-8152
12,Ernest Jenkins,San Luis Obispo,California,1-(805)286-7573
13,Kelly Ortiz,Pensacola,Florida,1-(850)317-3877
14,Ashley Freeman,Kansas City,Missouri,1-(816)399-8606
15,Wayne Hudson,Washington,District of Columbia,1-(202)417-3562
16,Teresa Fisher,Corona,California,1-(626)751-2809
17,Frances Gonzales,Greensboro,North Carolina,1-(336)828-8734
18,Judith Wheeler,Pensacola,Florida,1-(850)655-1549
19,Gregory Price,York,Pennsylvania,1-(717)552-1606
20,Mildred Mendoza,Spokane,Washington,1-(509)941-3018
21,Jane Ross,Saint Louis,Missouri,1-(314)686-5403
22,Donald Crawford,Atlanta,Georgia,1-(404)482-9038
23,Jerry Richardson,Baltimore,Maryland,1-(410)759-8242
24,Paula Carroll,Naples,Florida,1-(239)402-0097
25,Alice Morgan,Terre Haute,Indiana,1-(812)408-5515
26,Angela Elliott,Tucson,Arizona,1-(520)179-9750
27,Shawn Reed,Sacramento,California,1-(916)716-9980
28,Marie Gilbert,Madison,Wisconsin,1-(608)686-5400
29,Donald Cole,Canton,Ohio,1-(330)149-0598
30,Patrick Hill,Marietta,Georgia,1-(770)704-4567
31,Justin Wallace,Shreveport,Louisiana,1-(318)723-0185
32,Beverly Garza,Hollywood,Florida,1-(305)256-7986
33,Jimmy Davis,Anaheim,California,1-(626)806-0038
34,Angela Allen,Charleston,West Virginia,1-(304)743-1804
35,Jose Ray,Amarillo,Texas,1-(806)278-4695
36,Roger Jackson,San Antonio,Texas,1-(210)456-9064
37,Ashley Hanson,Kansas City,Missouri,1-(816)410-3040
38,Harry Baker,Oklahoma City,Oklahoma,1-(405)926-5189
39,Albert Peters,Greenville,South Carolina,1-(864)120-8846
40,Jimmy Henderson,Louisville,Kentucky,1-(502)531-4034
41,Kathleen Gutierrez,Littleton,Colorado,1-(303)299-0520
42,Steve Burns,Torrance,California,1-(310)954-8857
43,Roy Boyd,Beaverton,Oregon,1-(503)242-3471
44,Steve Alexander,Fort Worth,Texas,1-(817)426-5217
45,Douglas Gibson,Saint Paul,Minnesota,1-(651)957-0081
46,Gloria Gonzalez,Brockton,Massachusetts,1-(508)353-0862
47,Walter Evans,Saint Petersburg,Florida,1-(813)576-0684
48,Kelly Lopez,Saint Louis,Missouri,1-(314)847-9610
49,Randy Wilson,Escondido,California,1-(760)500-4535
50,Robin Hunter,Athens,Georgia,1-(706)229-9306
51,Joe Hart,Spring,Texas,1-(281)499-3613
52,Barbara Stevens,Raleigh,North Carolina,1-(919)810-4106
53,Heather Simpson,White Plains,New York,1-(914)518-4996
54,Brandon Gomez,Columbus,Ohio,1-(614)102-3225
55,Joseph Hill,Knoxville,Tennessee,1-(865)820-2844
56,Margaret Turner,Louisville,Kentucky,1-(502)258-7928
57,Steven Burke,Vero Beach,Florida,1-(772)152-7846
58,Norma Russell,Newport News,Virginia,1-(757)980-3473
59,Diane Wilson,Irvine,California,1-(714)946-2227
60,Joseph Henderson,Durham,North Carolina,1-(919)956-8321
61,Margaret Foster,Austin,Texas,1-(512)973-2108
62,Donald Ross,Fort Worth,Texas,1-(682)776-4957
63,Ralph Lawson,Staten Island,New York,1-(718)432-1925
64,Lois Burton,Fresno,California,1-(559)471-3350
65,Clarence Wagner,Southfield,Michigan,1-(586)418-0614
66,Irene Young,Louisville,Kentucky,1-(502)370-0120
67,Ryan Smith,Carol Stream,Illinois,1-(309)158-6926
68,Howard Griffin,Fresno,California,1-(559)492-0978
69,Harry Graham,Norfolk,Virginia,1-(757)280-9583
70,Steven Arnold,Albuquerque,New Mexico,1-(505)102-9281
71,Robert Olson,Jamaica,New York,1-(212)780-3187
72,Roger Gomez,Champaign,Illinois,1-(217)394-1046
73,Robert Boyd,Spokane,Washington,1-(509)302-6526
74,Donna Reynolds,Zephyrhills,Florida,1-(813)336-7152
75,Ryan Cruz,San Jose,California,1-(408)676-4880
76,Dorothy Foster,Wichita,Kansas,1-(316)432-0900
77,Linda Ruiz,Washington,District of Columbia,1-(202)928-1836
78,Irene Carroll,Sarasota,Florida,1-(941)468-9951
79,Angela Reynolds,Corpus Christi,Texas,1-(361)469-5866
80,Andrew Webb,Austin,Texas,1-(512)431-2519
81,Billy Harrison,Syracuse,New York,1-(315)700-0886
82,Tammy Gibson,Young America,Minnesota,1-(952)589-6859
83,Annie Hamilton,Fresno,California,1-(559)247-1938
84,Wayne Moore,New York City,New York,1-(917)467-5079
85,Gregory Chapman,Austin,Texas,1-(512)345-0338
86,Michelle Burns,Washington,District of Columbia,1-(202)448-1227
87,Margaret Taylor,Charlotte,North Carolina,1-(704)313-9723
88,Wayne Robinson,Saint Louis,Missouri,1-(314)172-3588
89,Kelly Ruiz,Kansas City,Missouri,1-(816)202-4360
90,Sara Campbell,Baton Rouge,Louisiana,1-(225)210-8864
91,Phyllis Bailey,Aiken,South Carolina,1-(803)288-2808
92,Lawrence Burke,Pensacola,Florida,1-(850)470-3172
93,Eugene Wallace,Scottsdale,Arizona,1-(480)170-2178
94,Heather Schmidt,Rochester,New York,1-(315)930-2765
95,Elizabeth Matthews,Pensacola,Florida,1-(850)989-9476
96,Sandra Howard,Athens,Georgia,1-(706)610-3145
97,Julia Phillips,Spokane,Washington,1-(509)484-7600
98,Jesse Bradley,York,Pennsylvania,1-(717)540-3361
99,Cheryl Graham,Miami,Florida,1-(786)696-6222
100,Matthew Thomas,Pittsburgh,Pennsylvania,1-(412)114-4630
